time,potential
0.09421768707482993,1.0929747590561223e-21
0.09802721088435375,1.7551741684264982e-19
0.10195011337868481,4.6513735247020764e-18
0.10600907029478458,5.515311625435038e-17
0.11015873015873016,3.996682111671973e-16
0.11435374149659865,2.0720756847939112e-15
0.11859410430839003,8.435512209820922e-15
0.12285714285714286,2.859442724524081e-14
0.12714285714285714,8.394615421378052e-14
0.1314512471655329,2.194783809349372e-13
0.13575963718820863,5.218564929037705e-13
0.14006802721088435,1.1465479476408973e-12
0.14439909297052156,2.357437055064817e-12
0.14873015873015874,4.582136781726463e-12
0.15306122448979592,8.488886899221408e-12
0.15741496598639457,1.5096794275942663e-11
0.1617687074829932,2.590882735625409e-11
0.1660997732426304,4.31260266529954e-11
0.17045351473922904,6.989546705507944e-11
0.17480725623582766,1.1066586031403756e-10
0.1791609977324263,1.7166010543751077e-10
0.18351473922902495,2.614867833279527e-10
0.1878684807256236,3.9193880638097115e-10
0.19222222222222224,5.790207029793391e-10
0.19657596371882086,8.442540590529649e-10
0.2009297052154195,1.2163159544146738e-09
0.20528344671201815,1.7330701204028488e-09
0.2096371882086168,2.444054627154426e-09
0.2139909297052154,3.413493019921445e-09
0.21834467120181406,4.723897904517235e-09
0.2226984126984127,6.4803368198902475e-09
0.22705215419501135,8.815429636403135e-09
0.23140589569161,1.1895144502305599e-08
0.2357596371882086,1.5925455493597328e-08
0.24011337868480725,2.115991964835284e-08
0.2444671201814059,2.790822396642247e-08
0.24882086167800455,3.6545743982833825e-08
0.25317460317460316,4.752414462571881e-08
0.2575056689342404,6.138636739069932e-08
0.261859410430839,7.878305814776988e-08
0.26621315192743766,1.0046545587352732e-07
0.2705668934240363,1.2732146937426809e-07
0.2749206349206349,1.6038512751268874e-07
0.2792517006802721,2.008721668743606e-07
0.2836054421768708,2.5018885018642655e-07
0.2879591836734694,3.0989690539056285e-07
0.292312925170068,3.8180181995907224e-07
0.2966439909297052,4.6795914769139095e-07
0.30099773242630384,5.708056942312358e-07
0.3053514739229025,6.928543690248255e-07
0.30970521541950113,8.370129792715678e-07
0.3140589569160998,1.006515511257156e-06
0.31839002267573696,1.2052442255926113e-06
0.32274376417233563,1.4369801933221783e-06
0.32709750566893425,1.7060753744044287e-06
0.33145124716553287,2.0173051191803077e-06
0.3357823129251701,2.3764063289453187e-06
0.3401360544217687,2.7887853100022465e-06
0.34448979591836737,3.2605247798540847e-06
0.348843537414966,3.798266086207169e-06
0.3531746031746032,4.409974913790117e-06
0.3575283446712018,5.103081523017451e-06
0.3618820861678005,5.885544947522914e-06
0.3662358276643991,6.766122008604191e-06
0.3705668934240363,7.755162013374836e-06
0.37492063492063493,8.862773535014679e-06
0.37927437641723355,1.0098617800843963e-05
0.3836281179138322,1.1473695209164586e-05
0.3879591836734694,1.3000436022596315e-05
0.39231292517006805,1.4692892931910996e-05
0.39666666666666667,1.656168577750258e-05
0.40102040816326534,1.8620023634986395e-05
0.40537414965986396,2.0881604190858496e-05
0.40970521541950117,2.3366031834370097e-05
0.4140589569160998,2.6084057959834404e-05
0.4184126984126984,2.9050594744986666e-05
0.4227664399092971,3.2281216642324216e-05
0.42709750566893423,3.579674899707447e-05
0.4314512471655329,3.961377448923586e-05
0.4358049886621315,4.374556786842033e-05
0.4401587301587302,4.8209077016880644e-05
0.44448979591836735,5.3023194204290125e-05
0.448843537414966,5.821587352352586e-05
0.45319727891156464,6.379464067993786e-05
0.45755102040816326,6.977709489272484e-05
0.46190476190476193,7.618078617952543e-05
0.4662358276643991,8.303693754138946e-05
0.47058956916099776,9.035819230906656e-05
0.4749433106575964,9.815617375399086e-05
0.47929705215419505,0.00010644788841221098
0.4836281179138322,0.00011525637262475574
0.4879818594104309,0.0001246154360559316
0.4923356009070295,0.00013452135082502704
0.4966893424036281,0.0001449894586062233
0.5010430839002268,0.00015603439096308045
0.5053741496598639,0.00016770144715184932
0.5097278911564626,0.00017998643754523136
0.5140816326530613,0.0001928934364812475
0.5184353741496599,0.00020643387040619594
0.522766439909297,0.00022063600539313808
0.5271201814058957,0.00023553135056608628
0.5314739229024943,0.0002510950505926294
0.535827664399093,0.0002673340917937553
0.5401814058956916,0.00028425403414655484
0.5445124716553288,0.0003019262093347904
0.5488662131519274,0.0003203007809985799
0.5532199546485261,0.00033937322662991646
0.5575736961451248,0.0003591432324155138
0.5619047619047619,0.0003796569337900933
0.5662585034013605,0.0004009150691892486
0.5706122448979591,0.00042287005687872834
0.5749659863945579,0.0004455147669462535
0.579297052154195,0.00046885745851822896
0.5836507936507936,0.0004929749436308623
0.5880045351473923,0.0005177613388003744
0.592358276643991,0.0005432020187425941
0.5967120181405896,0.0005692802828913967
0.6010430839002268,0.0005960976945072535
0.6053968253968254,0.0006235534506041206
0.609750566893424,0.0006515985382502166
0.6141043083900227,0.0006802083980515125
0.6184353741496599,0.0007094462926915411
0.6227891156462585,0.0007392928520673827
0.6271428571428571,0.0007696337802333991
0.6314965986394558,0.0008004368090218859
0.635827664399093,0.0008317164082423527
0.6401814058956916,0.0008635589484305662
0.6445351473922902,0.000895771967619029
0.6488888888888888,0.0009283160613348673
0.6532426303854876,0.0009611501030102312
0.6575736961451247,0.0009944816607062917
0.6619274376417233,0.0010280360202386152
0.666281179138322,0.0010617652079652816
0.6706349206349207,0.0010956222921164223
0.6749659863945578,0.0011297844449573758
0.6793197278911565,0.0011640568735759953
0.6836734693877551,0.0011983273455861713
0.6880272108843537,0.0012325445970123889
0.692358276643991,0.00126685180768031
0.6967120181405896,0.001301146804167999
0.7010657596371882,0.0013352485599933057
0.7054195011337868,0.0013691032606575873
0.7097505668934241,0.0014028186873987654
0.7141043083900227,0.001436393725225833
0.7184580498866213,0.0014695768481964746
0.7228117913832199,0.0015023136928244826
0.7271428571428572,0.0015346775448260399
0.7314965986394558,0.0015667719424815763
0.7358503401360544,0.0015982761740047614
0.740204081632653,0.0016291374431980944
0.7445351473922903,0.0016593977472838702
0.7488888888888889,0.001689263693112308
0.7532426303854876,0.0017183497450171123
0.7575963718820862,0.0017466067915509645
0.7619274376417233,0.001774050976370489
0.766281179138322,0.0018009850474728676
0.7706349206349207,0.001826965971012997
0.7749886621315193,0.001851950324250809
0.7793197278911564,0.0018759359816276004
0.7836734693877552,0.001899309457869877
0.7880272108843538,0.0019215803764891513
0.7923809523809524,0.0019427127850796505
0.7967120181405896,0.001962696017543008
0.8010657596371882,0.001981982356213936
0.8054195011337869,0.0020000469606657606
0.8097732426303855,0.0020168628124728155
0.8141043083900227,0.002032422719353319
0.8184580498866213,0.002047220725203255
0.82281179138322,0.0020607131258631624
0.8271655328798186,0.002072882906582441
0.8314965986394558,0.0020837409937254914
0.8358503401360544,0.002093792485412662
0.840204081632653,0.0021024933040835864
0.8445578231292518,0.002109837062064141
0.8488888888888889,0.002115870656056187
0.8532426303854875,0.002121071761251966
0.8575963718820862,0.002124917686420087
0.8619501133786849,0.002127412820713086
0.866281179138322,0.00212866188868695
0.8706349206349207,0.0021290674565319656
0.8749886621315193,0.0021281538452765903
0.8793424036281179,0.002125935895025197
0.8836734693877552,0.0021226029929435953
0.8880272108843538,0.0021184239743526033
0.8923809523809524,0.0021130004463565653
0.896734693877551,0.0021063569215151495
0.9010657596371883,0.002098800312810437
0.9054195011337869,0.0020903943176715893
0.9097732426303855,0.0020808536419912585
0.9141269841269841,0.0020702112858693514
0.9184580498866214,0.002058931579699652
0.92281179138322,0.002046787159087057
0.9271655328798186,0.002033648064429666
0.9314965986394558,0.0020195851186532963
0.9358503401360544,0.002005175195885225
0.9402040816326531,0.0019898906931353
0.9445578231292517,0.001973775512149186
0.9488888888888889,0.001957163571325103
0.9532426303854875,0.0019401190464002343
0.9575963718820862,0.001922377092548259
0.9619274376417234,0.001903999458947233
0.966281179138322,0.0018856053842296933
0.9706349206349206,0.001866653255396682
0.9749886621315192,0.0018471921491667374
0.9793197278911565,0.0018276848260237548
0.9836734693877551,0.001807951531292142
0.9880272108843537,0.0017878518870100446
0.9923582766439909,0.0017677245171615046
0.9967120181405896,0.0017476416947849458
1.0010657596371881,0.0017273337871586594
1.0053968253968255,0.0017070922576301042
1.0097505668934241,0.0016870844422572813
1.0141043083900227,0.0016669883358798282
1.01843537414966,0.0016471253829781545
1.0227891156462585,0.0016276005682884513
1.0271428571428571,0.0016081168454537527
1.0314739229024943,0.0015891006905475265
1.035827664399093,0.0015704414272223227
1.0401814058956915,0.0015519425243261781
1.044512471655329,0.0015342061851717503
1.0488662131519275,0.001516761440856116
1.0531972789115647,0.0014997658714891826
1.0575510204081633,0.0014835153761562389
1.061904761904762,0.0014675933634680101
1.066235827664399,0.001452512724709837
1.0705895691609977,0.0014379647906010951
1.0749206349206348,0.001424025404266548
1.0792743764172337,0.0014109537175761623
1.0836281179138323,0.0013983352787360057
1.0879591836734694,0.001386775533770761
1.092312925170068,0.001375753561827233
1.0966439909297052,0.0013656033258662211
1.1009977324263038,0.0013562367683650003
1.105328798185941,0.0013475663898790812
1.1096825396825396,0.001339895727831131
1.1140362811791384,0.0013327691765216698
1.1183673469387756,0.0013267964758962283
1.1227210884353742,0.0013213945191334197
1.1270521541950114,0.0013169602194122853
1.13140589569161,0.0013132782883052794
1.1357369614512471,0.001310363909236509
1.1400907029478458,0.001308379587228317
1.144421768707483,0.0013069414081041159
1.1487755102040818,0.0013066151196876382
1.1531292517006804,0.0013068055105887786
1.1574603174603175,0.0013078611455415012
1.1618140589569161,0.0013096270232926426
1.1661451247165533,0.0013119559616248165
1.170498866213152,0.0013152200865630555
1.1748526077097505,0.0013189256960727447
1.1791836734693877,0.0013233747307170678
1.1835374149659865,0.0013284468375720792
1.1878911564625851,0.0013338997420294391
1.1922222222222223,0.001340182534714588
1.196575963718821,0.0013468469210236632
1.200907029478458,0.0013538570910223916
1.2052607709750567,0.0013616129802772553
1.2096145124716553,0.0013696256369762842
1.2139455782312925,0.0013778950685728187
1.218299319727891,0.0013868165646509201
1.22265306122449,0.0013959128331993169
1.2270068027210885,0.0014051571385388074
1.2313378684807257,0.0014148863387965609
1.2356916099773243,0.001424788829686116
1.240045351473923,0.001434752995436269
1.24437641723356,0.001444884188881314
1.2487301587301587,0.0014553107331287754
1.2530839002267573,0.0014657123235258132
1.257437641723356,0.001476061455122576
1.2617687074829933,0.0014865383903035934
1.266122448979592,0.001497100317402264
1.2704761904761905,0.0015075262283493793
1.2748299319727892,0.0015177900136868335
1.2791609977324263,0.001528016994027426
1.283514739229025,0.0015382601336655596
1.2878684807256235,0.001548264447943
1.2922222222222222,0.001558006413339043
1.2965759637188208,0.0015674632873433527
1.3009070294784582,0.001576955322631512
1.3052607709750568,0.0015861401642496026
1.3096145124716554,0.0015949761114280358
1.313968253968254,0.0016034442216589736
1.3182993197278912,0.001611586009806585
1.3226530612244898,0.0016196173469144462
1.3270068027210884,0.0016272302408746732
1.331360544217687,0.0016344102392461457
1.3357142857142856,0.001641144082330242
1.340045351473923,0.001647466356204404
1.3443990929705216,0.0016536171051449056
1.3487528344671202,0.0016592896055301735
1.3531065759637189,0.0016644755820331755
1.3574603174603175,0.0016691680328130621
1.361814058956916,0.0016733612343179964
1.3661451247165532,0.0016773663496646373
1.3704988662131519,0.001680891002067192
1.3748526077097505,0.0016839075225852632
1.3792063492063493,0.001686415209506933
1.383560090702948,0.0016884145927803258
1.387891156462585,0.0016901257768819542
1.3922448979591837,0.0016914585677719374
1.3965986394557823,0.0016922927096468842
1.400952380952381,0.0016926333557000899
1.4053061224489796,0.0016924867542624114
1.4096371882086167,0.0016919895411448764
1.4139909297052153,0.0016912399402049835
1.4183446712018142,0.0016900290828353618
1.4226984126984128,0.0016883671350618
1.4270521541950114,0.0016862651540137533
1.4313832199546486,0.0016838102078757821
1.4357369614512472,0.0016812208592212532
1.4400907029478458,0.001678230638481506
1.4444444444444444,0.0016748536038316754
1.448798185941043,0.0016711044585588394
1.4531292517006802,0.0016670762800118297
1.457482993197279,0.0016629951544582134
1.4618367346938776,0.00165859048739269
1.4661904761904763,0.001653878955319515
1.4705442176870749,0.00164887761672906
1.474875283446712,0.0016437572790528178
1.4792290249433107,0.001638605376710225
1.4835827664399093,0.0016332176462768842
1.487936507936508,0.0016276120719072036
1.4922902494331065,0.0016218067611097507
1.4966213151927439,0.0016161319160166371
1.5009750566893425,0.0016103694724034386
1.5053287981859411,0.001604462760318994
1.5096825396825397,0.0015984298219707599
1.514013605442177,0.0015924477429468792
1.5183673469387755,0.0015866136918648677
1.5227210884353741,0.0015807074479166623
1.5270748299319727,0.0015747462757854675
1.5314058956916101,0.0015688174729752615
1.5357596371882087,0.0015632039611533821
1.5401133786848074,0.0015575860533868658
1.544467120181406,0.001551979618763541
1.5487981859410431,0.0015464408456599037
1.5531519274376417,0.0015413179822724506
1.5575056689342404,0.0015362518701241348
1.561859410430839,0.0015312564709181137
1.5661904761904761,0.0015264076341440277
1.570544217687075,0.0015220141905463208
1.5748979591836736,0.0015177300737654542
1.5792517006802722,0.001513566936383462
1.5835827664399094,0.0015096604039020647
1.587936507936508,0.0015061964386307543
1.5922902494331066,0.0015028843379081202
1.5966439909297052,0.001499733147081099
1.6009750566893424,0.001496965653957613
1.605328798185941,0.0014945870568343208
1.6096825396825398,0.001492391777374577
1.6140362811791384,0.0014903860428508852
1.6183673469387756,0.0014888932018864913
1.6227210884353742,0.0014877079815235593
1.6270748299319728,0.001486725750489749
1.6314285714285715,0.0014859497743688437
1.6357596371882086,0.0014858030265775676
1.6401133786848072,0.0014858690587572997
1.6444671201814058,0.0014861455476667962
1.6487981859410432,0.001486722115123075
1.6531519274376418,0.0014878384544482275
1.6575056689342405,0.0014891624102997725
1.661859410430839,0.0014906918820776253
1.6661904761904762,0.0014925807566103153
1.6705442176870748,0.0014949246601844947
1.6748979591836735,0.0014974619294886506
1.679251700680272,0.0015001873646333548
1.6835827664399092,0.0015032831756265908
1.687936507936508,0.0015067718693225025
1.6922902494331067,0.0015104274527858706
1.6966439909297053,0.0015142416774319223
1.7009750566893425,0.00151838139663825
1.705328798185941,0.001522883276913188
1.7096825396825397,0.0015275138065439988
1.7140362811791383,0.0015322618274812504
1.7183673469387755,0.0015372306621325529
1.722721088435374,0.0015425683655688018
1.727074829931973,0.0015479855620410287
1.7314285714285715,0.0015534684408418419
1.7357596371882087,0.0015590075771181875
1.7401133786848073,0.0015649627410123659
1.744467120181406,0.0015709386589914953
1.7488208616780045,0.0015769192635801655
1.7531746031746032,0.0015828879671805976
1.7575056689342403,0.0015890555575787193
1.761859410430839,0.001595329859456544
1.7662131519274378,0.0016015406757040323
1.7705668934240364,0.0016076698566335219
1.7748979591836735,0.0016137249244590184
1.7792517006802722,0.0016200141483034346
1.7836054421768708,0.0016261670347097969
1.7879591836734694,0.0016321645605869176
1.792312925170068,0.0016379875802411397
1.7966439909297052,0.0016437890184284691
1.8009977324263038,0.001649586518881282
1.8053514739229026,0.0016551539005213607
1.8097052154195012,0.0016604721261172409
1.8140589569160999,0.0016655223036119865
1.818390022675737,0.0016705914085590066
1.8227437641723356,0.0016754363321755826
1.8270975056689343,0.0016799603893837773
1.8314512471655329,0.0016841458299762294
1.83578231292517,0.0016880303428162624
1.8401360544217686,0.0016918794189494854
1.8444897959183675,0.0016953420134927907
1.848843537414966,0.0016984023058046016
1.8531972789115647,0.0017010450877637691
1.8575283446712019,0.001703470830842133
1.8618820861678005,0.0017056387772091124
1.866235827664399,0.0017073504734890217
1.8705895691609977,0.001708593514378389
1.8749206349206349,0.0017093650573940411
1.8792743764172335,0.0017100499161765567
1.8836281179138323,0.0017102367289402725
1.887981859410431,0.0017099164327764494
1.8923356009070296,0.0017090809009911233
1.8966666666666667,0.0017079899992622867
1.9010204081632653,0.0017065308613916836
1.905374149659864,0.0017045405160147004
1.9097278911564626,0.0017020146171894276
1.9140589569160997,0.0016991173792082345
1.9184126984126983,0.0016959519298977964
1.9227664399092972,0.0016922464851360616
1.9271201814058958,0.0016880006065449359
1.931451247165533,0.0016833517487612702
1.9358049886621316,0.0016784829416817758
1.9401587301587302,0.0016730808526738165
1.9445124716553288,0.0016671488750021426
1.948843537414966,0.0016608798184275214
1.9531972789115646,0.0016543734862386138
1.9575510204081632,0.0016473554989659997
1.961904761904762,0.0016398328084772586
1.9662358276643992,0.0016321486673199293
1.9705895691609978,0.0016241300440313253
1.9749433106575964,0.0016156349753027432
1.9792743764172336,0.0016067579657746108
1.9836281179138322,0.0015978469798863704
1.9879818594104308,0.001588494375670857
1.9923356009070294,0.001578712134626946
1.9966666666666668,0.0015689513872687616
2.0010204081632654,0.0015588751195774603
2.005374149659864,0.0015484111330419097
2.009705215419501,0.001537948564010502
2.0140589569160996,0.0015272980361559026
2.0184126984126984,0.0015163056827540212
2.022743764172336,0.0015053920641523307
2.027097505668934,0.001494328330172928
2.031451247165533,0.0014829713614171267
2.03578231292517,0.001471870486739626
2.040136054421769,0.0014605621028170159
2.0444671201814058,0.0014491658492920675
2.0488208616780046,0.001437993372723356
2.0531746031746034,0.0014266121047478598
2.0575056689342404,0.0014155006208680496
2.061859410430839,0.001404376600725095
2.066190476190476,0.0013933173053599847
2.070544217687075,0.0013825358192746727
2.074875283446712,0.001371672102755478
2.0792290249433107,0.0013613158145679585
2.083582766439909,0.001350864344308097
2.0879138321995465,0.001340934082069604
2.0922675736961454,0.0013310165645678013
2.0965986394557823,0.0013215969031579713
2.100952380952381,0.0013122856638583685
2.105283446712018,0.0013034968048615282
2.109637188208617,0.0012948583143801765
2.113968253968254,0.0012868101707573121
2.1183219954648527,0.0012789042292176897
2.12265306122449,0.0012716950380208232
2.126984126984127,0.0012646267272533964
2.131337868480726,0.0012582891138317998
2.1356689342403627,0.0012521936358973844
2.1400226757369616,0.0012467080418801393
2.1443537414965985,0.0012416472570492558
2.1487074829931974,0.0012370439465790163
2.1530385487528343,0.0012330642384925413
2.157392290249433,0.0012293642788268817
2.1617233560090705,0.0012264959318659138
2.1660544217687074,0.0012239118663767436
2.1704081632653063,0.0012219677640273711
2.174739229024943,0.0012205102925318923
2.179092970521542,0.0012194789521685198
2.183424036281179,0.0012191343692111898
2.1877551020408164,0.001219055902200593
2.192108843537415,0.0012197405478513907
2.196439909297052,0.0012207179934542092
2.200793650793651,0.0012222599183248453
2.205124716553288,0.0012242364679019744
2.2094784580498867,0.0012265991872600687
2.2138095238095237,0.0012295027982078214
2.2181632653061225,0.001232641987110477
2.22249433106576,0.0012363862920386078
2.2268480725623583,0.0012402504980675029
2.2311791383219957,0.001244735901161219
2.235532879818594,0.0012492673600079764
2.2398639455782314,0.0012543823050826138
2.24421768707483,0.0012595178470101397
2.248548752834467,0.0012651402389961927
2.2529024943310656,0.0012708122725965413
2.257233560090703,0.001276811031637291
2.261587301587302,0.0012829485898685302
2.2659183673469387,0.0012891853149714797
2.2702721088435376,0.0012957151472674166
2.274625850340136,0.0013021374773926663
2.2789569160997734,0.0013088935579789974
2.2833106575963718,0.0013156116136044944
2.287641723356009,0.0013222616390990247
2.291995464852608,0.0013292018929249708
2.2963492063492064,0.0013359872911066631
2.3006802721088437,0.001342686827138621
2.305034013605442,0.0013496034922139486
2.309387755102041,0.0013563439331229458
2.3137414965986394,0.0013629063471386762
2.3180725623582767,0.0013696169046748144
2.322426303854875,0.0013762125201638926
2.326780045351474,0.001382615482778615
2.331133786848073,0.0013888265543257306
2.3354648526077098,0.0013951663541861283
2.3398185941043086,0.0014013316654981362
2.344172335600907,0.0014072983814180458
2.348526077097506,0.0014130700122325806
2.3528571428571428,0.0014187010528441185
2.3572108843537416,0.0014243707771148975
2.36156462585034,0.0014298472531942728
2.365918367346939,0.0014351367175693588
2.3702721088435377,0.0014402460245623986
2.374625850340136,0.0014451826143699182
2.378979591836735,0.001449954477488153
2.383310657596372,0.0014547240165466038
2.3876643990929707,0.0014593771993865357
2.392018140589569,0.0014638813767047477
2.396371882086168,0.001468246629403425
2.4007256235827663,0.0014724833915454119
2.405079365079365,0.0014766023962719675
2.409433106575964,0.0014806146192571227
2.4137868480725624,0.001484531219950892
2.4181405895691612,0.0014883634808826249
2.4224943310657596,0.0014921227453093262
2.4268480725623585,0.0014958203535109392
2.4311791383219954,0.0014994961697361367
2.4355328798185942,0.0015031846408973067
2.4398866213151926,0.0015068387314335152
2.4442403628117915,0.001510469725547665
2.44859410430839,0.0015140886000003602
2.4529478458049887,0.001517705957788695
2.4573015873015875,0.0015213319626884232
2.461655328798186,0.0015249762750057993
2.4660090702947848,0.0015286479888838257
2.470362811791383,0.0015323555715019968
2.474716553287982,0.001536106804501618
2.4790702947845804,0.00153990872795872
2.4834240362811792,0.0015437675872164247
2.4877777777777776,0.0015476887828756061
2.4921315192743765,0.001551676824228144
2.4964852607709753,0.0015557352864024514
2.5008390022675737,0.0015598667714736651
2.5051927437641726,0.0015640728737747083
2.509546485260771,0.001568354149623821
2.51390022675737,0.0015727100916681851
2.518253968253968,0.0015771391080195325
2.522607709750567,0.0015816385063387316
2.5269614512471654,0.0015862044830040765
2.5313151927437643,0.00159083211747499
2.5356689342403627,0.0015955153719410852
2.54,0.0016003482373992779
2.544353741496599,0.0016052557961572388
2.5487074829931973,0.0016102057330001334
2.553061224489796,0.0016151882038769297
2.5574149659863945,0.0016201922923690113
2.5617687074829933,0.001625206039223036
2.5661224489795917,0.0016302164772062173
2.5704761904761906,0.0016352096711841114
2.574829931972789,0.001640170763293813
2.5791609977324264,0.0016450978531639
2.583514739229025,0.0016501974589132854
2.5878684807256236,0.0016552305816620338
2.5922222222222224,0.0016601794181087908
2.596575963718821,0.0016650254885009895
2.6009297052154197,0.0016697497072356061
2.605283446712018,0.0016743324571805724
2.6096145124716554,0.001679045733491973
2.613968253968254,0.0016836397837592131
2.6183219954648527,0.001688046844236145
2.6226757369614515,0.0016922458334168661
2.62702947845805,0.0016962155010102704
2.6313605442176873,0.0017003315363461535
2.6357142857142857,0.0017042062195437055
2.6400680272108845,0.0017078025134353227
2.644421768707483,0.001711099018990733
2.6487528344671203,0.0017144288690478873
2.6531065759637187,0.001717543989646814
2.6574603174603175,0.0017203102919304126
2.6618140589569164,0.0017227073427746712
2.6661451247165533,0.001725220425104442
2.670498866213152,0.0017273494260144863
2.6748526077097505,0.0017290629663396062
2.679183673469388,0.0017306106683677319
2.6835374149659863,0.0017319994147521724
2.687891156462585,0.0017329300363759662
2.692222222222222,0.0017335008530921154
2.696575963718821,0.0017340542378979733
2.7009297052154198,0.0017341118060947751
2.7052607709750567,0.0017336939727880644
2.7096145124716555,0.0017333284396432666
2.713968253968254,0.0017324357206427218
2.7182993197278913,0.001731019678009835
2.7226530612244897,0.0017296667763056475
2.7270068027210885,0.00172776286210182
2.7313378684807255,0.0017253438518795802
2.7356916099773243,0.0017229534914037768
2.740045351473923,0.0017199968748259683
2.74437641723356,0.0017165775201281965
2.748730158730159,0.0017131207835599778
2.7530839002267573,0.001709091947850859
2.7574149659863947,0.0017046846728665703
2.761768707482993,0.0017001560595887634
2.766122448979592,0.0016950594637213403
2.7704535147392293,0.0016896886147049752
2.7748072562358277,0.0016841076104510081
2.7791609977324265,0.0016779729743889682
2.7834920634920635,0.0016716765187628968
2.7878458049886623,0.0016650884127706663
2.7921995464852607,0.0016579712357785684
2.796530612244898,0.0016508019387858571
2.8008843537414965,0.00164327784275627
2.8052380952380953,0.001635259121702299
2.8095691609977327,0.0016272851291886435
2.813922902494331,0.0016189211882267922
2.81827664399093,0.0016101063386685375
2.822607709750567,0.0016014111268845544
2.8269614512471657,0.0015923269478539661
2.831315192743764,0.0015828439646625532
2.8356462585034015,0.0015735256497517922
2.84,0.0015638620037360669
2.8443537414965987,0.001553858927143503
2.848684807256236,0.0015440289554728627
2.8530385487528345,0.0015339448362150085
2.8573922902494333,0.0015235866119269574
2.8617233560090702,0.0015133678763898492
2.866077097505669,0.001503037015337688
2.8704308390022675,0.0014925018538888707
2.874761904761905,0.0014820263007840509
2.8791156462585032,0.0014716332521151766
2.883469387755102,0.00146110860322781
2.8878004535147395,0.0014505144089764844
2.892154195011338,0.001440250324790869
2.8965079365079367,0.0014299285874148897
2.900861678004535,0.0014195782123778617
2.9051927437641725,0.0014094152123980078
2.909546485260771,0.0013994893020239773
2.9139002267573697,0.001389607626685907
2.918253968253968,0.0013797981234982503
2.9225850340136055,0.0013703116691140146
2.9269387755102043,0.001361084995618406
2.9312925170068027,0.0013519992083594866
2.9356462585034016,0.0013430800271439292
2.9399773242630385,0.0013345024945821805
2.9443310657596373,0.0013263121218370635
2.9486848072562357,0.0013183500773576412
2.9530385487528346,0.0013106388547760779
2.957392290249433,0.001303199883384091
2.9617233560090703,0.0012963238223083053
2.966077097505669,0.0012897718708023993
2.9704308390022676,0.0012835414440561792
2.9747845804988664,0.001277649711731181
2.979138321995465,0.001272112538861713
2.983469387755102,0.0012671946712095397
2.9878231292517006,0.0012626623211568799
2.9921768707482994,0.001258518407137231
2.996530612244898,0.001254773845486713
3.0008843537414966,0.001251438110866246
3.005215419501134,0.001248648458526816
3.0095691609977324,0.001246387670092101
3.0139229024943313,0.001244552434124116
3.0182766439909297,0.0012431469658101357
3.0226303854875285,0.0012421740095643677
3.026984126984127,0.0012416348471829368
3.0313151927437643,0.0012417031934266712
3.0356689342403627,0.0012422554899708088
3.0400226757369615,0.0012432369451753306
3.0443764172335603,0.001244643718526697
3.0487301587301587,0.0012464706025459972
3.0530839002267576,0.0012487110562977239
3.0574149659863945,0.0012515564130182654
3.0617687074829933,0.001254830507590157
3.0661224489795917,0.0012584936886034864
3.0704761904761906,0.0012625349332054002
3.074829931972789,0.0012669420833524188
3.0791609977324264,0.001271724833939627
3.083514739229025,0.0012770667026379945
3.0878684807256236,0.0012827360780086176
3.0922222222222224,0.0012887171388865487
3.096575963718821,0.0012949931878779542
3.1009297052154197,0.001301546714045337
3.1052607709750566,0.0013085118111586744
3.1096145124716554,0.0013158312690770852
3.113968253968254,0.0013233770669172679
3.1183219954648527,0.0013311292630099271
3.1226757369614515,0.0013390674028190182
3.1270068027210884,0.0013472674084738306
3.1313605442176873,0.0013558014618271015
3.1357142857142857,0.0013644637484476465
3.1400680272108845,0.0013732324852348571
3.144421768707483,0.0013820856847012533
3.1487528344671203,0.0013911016512817317
3.1531065759637187,0.0014003652140493017
3.1574603174603175,0.0014096526897438397
3.1618140589569164,0.001418941857075284
3.1661678004535148,0.0014282105843195687
3.170498866213152,0.0014375930953854463
3.1748526077097505,0.001447082200253501
3.1792063492063494,0.0014564910880892274
3.1835600907029478,0.0014657984048549084
3.1879138321995466,0.001474983146309411
3.1922448979591835,0.0014842762991139453
3.1965986394557824,0.001493497561311513
3.200952380952381,0.0015025404956963892
3.2053061224489796,0.0015113857415751447
3.209637188208617,0.0015200339207645146
3.2139909297052154,0.0015287791859948483
3.2183446712018142,0.001537276106847254
3.2226984126984126,0.0015455075160522825
3.2270521541950115,0.0015534569338648799
3.2313832199546484,0.001561244812139945
3.2357369614512472,0.0015689436971136168
3.240090702947846,0.001576318342344399
3.2444444444444445,0.0015833549711317828
3.2487981859410433,0.0015900406006189767
3.2531292517006802,0.0015966110108215005
3.257482993197279,0.0016029235131390365
3.2618367346938775,0.0016088526461790174
3.2661904761904763,0.0016143884212587924
3.2705442176870747,0.0016195216895988267
3.274875283446712,0.0016245857076921425
3.279229024943311,0.0016292552750081018
3.2835827664399093,0.0016335006005125676
3.287936507936508,0.0016373156137452353
3.292267573696145,0.0016407404032430307
3.296621315192744,0.001644043164006012
3.3009750566893423,0.00164690242809128
3.305328798185941,0.001649315146056073
3.3096825396825396,0.001651279061473298
3.314013605442177,0.0016528791452091846
3.3183673469387758,0.001654301969337836
3.322721088435374,0.001655273265149174
3.327074829931973,0.001655793586670615
3.3314285714285714,0.001655864199180251
3.335759637188209,0.0016555907195922447
3.340113378684807,0.001655125031395675
3.344467120181406,0.001654216587333469
3.3488208616780044,0.0016528691398343654
3.3531746031746033,0.0016510870446687052
3.3575056689342406,0.0016489825652285768
3.361859410430839,0.0016467004644950861
3.366213151927438,0.001643999237176562
3.3705668934240363,0.0016408853246403896
3.374920634920635,0.001637365646993644
3.379251700680272,0.001633562427530444
3.383605442176871,0.001629607459713828
3.3879591836734693,0.0016252694671562017
3.392312925170068,0.0016205570044205654
3.396666666666667,0.001615478971697188
3.400997732426304,0.0016101944508275837
3.4053514739229027,0.0016047703975109967
3.409705215419501,0.0015990092210461664
3.4140589569161,0.0015929209796141173
3.4184126984126983,0.001586515942664691
3.4227437641723357,0.0015800453730028044
3.427097505668934,0.0015734036191158744
3.431451247165533,0.0015664776080281076
3.435804988662132,0.0015592782872380464
3.4401360544217687,0.0015518583052383736
3.4444897959183676,0.001544522831642561
3.448843537414966,0.0015369487934335678
3.453197278911565,0.0015291474477058748
3.457551020408163,0.0015211300402702959
3.4618820861678006,0.001513228373275399
3.466235827664399,0.0015052076744828235
3.470589569160998,0.0014970067766469852
3.4749433106575967,0.0014886367994095065
3.4792743764172336,0.0014804362440088716
3.4836281179138324,0.0014721760233880566
3.487981859410431,0.001463782446113398
3.492312925170068,0.0014552855135605781
3.4966666666666666,0.0014470910763866864
3.5010204081632654,0.0014387983663117629
3.505374149659864,0.0014304175786320596
3.509705215419501,0.0014222086326805483
3.5140589569161,0.0014141394547984236
3.5184126984126984,0.0014060154289863899
3.522743764172336,0.00139798051179825
3.527097505668934,0.0013902535672980587
3.531451247165533,0.0013825030919999452
3.53578231292517,0.0013748452139754237
3.540136054421769,0.0013675731028639803
3.544489795918367,0.0013603063507952318
3.5488208616780046,0.001353219466530272
3.5531746031746034,0.0013465066094556482
3.557528344671202,0.0013398250952124811
3.561859410430839,0.001333489913568397
3.5662131519274376,0.0013274305663914094
3.5705668934240364,0.0013214252024192788
3.5748979591836734,0.0013160051066147679
3.579251700680272,0.0013106815014090121
3.5835827664399096,0.001305671561860307
3.587936507936508,0.0013010679619688465
3.592290249433107,0.0012965486116073698
3.5966213151927438,0.0012926866353519834
3.6009750566893426,0.0012889288659007913
3.6053061224489795,0.0012856225799026042
3.6096598639455784,0.0012826501754261274
3.6139909297052153,0.0012799425579868961
3.618344671201814,0.0012777724780976116
3.622698412698413,0.0012757076475405716
3.62702947845805,0.0012743359995548904
3.6313832199546487,0.0012730841565409266
3.6357142857142857,0.0012723604649568885
3.6400680272108845,0.0012719214597072734
3.6443990929705214,0.0012718445668005618
3.6487528344671203,0.0012722107257846823
3.6530839002267577,0.0012727657058257537
3.657437641723356,0.0012739218236640874
3.661791383219955,0.0012751677012371196
3.666122448979592,0.001277003452859445
3.6704761904761907,0.0012790063429332543
3.6748072562358276,0.0012813835709262022
3.6791609977324264,0.0012841112271404624
3.6834920634920634,0.0012869701193651177
3.687845804988662,0.0012903835129097617
3.692199546485261,0.001293842961268621
3.696530612244898,0.0012977058093567046
3.700884353741497,0.0013017880768188828
3.7052154195011338,0.0013059435779592626
3.7095691609977326,0.0013105957693672816
3.713922902494331,0.0013152501092321843
3.7182539682539684,0.0013201111099055691
3.7226077097505668,0.0013252564101637985
3.7269614512471656,0.0013303752068120657
3.731292517006803,0.0013357395178147857
3.7356462585034014,0.0013412637009355937
3.74,0.0013467311569531155
3.744331065759637,0.001352380679829803
3.748684807256236,0.0013581634148456432
3.7530385487528344,0.001363858385092303
3.7573696145124718,0.0013695643489595683
3.76172335600907,0.0013754821344798952
3.766077097505669,0.0013812810630076558
3.770430839002268,0.0013869536618934713
3.7747619047619048,0.0013927386524191078
3.7791156462585036,0.0013985185127356745
3.783469387755102,0.0014041420010090055
3.787823129251701,0.0014096021697278277
3.7921541950113378,0.0014150965505999777
3.7965079365079366,0.001420552801760404
3.800861678004535,0.0014258177510716877
3.805215419501134,0.0014308851751435433
3.8095691609977327,0.0014357490336262611
3.8139002267573696,0.0014406965107298677
3.8182539682539685,0.001445434427187816
3.822607709750567,0.0014499443984334873
3.8269614512471657,0.0014542212682584436
3.831315192743764,0.0014582600737321689
3.8356462585034015,0.0014622017418303458
3.84,0.001466010095638743
3.8443537414965987,0.0014695604801683929
3.8487074829931975,0.0014728489148456332
3.853061224489796,0.0014758716137616558
3.8574149659863948,0.0014786249834998783
3.8617460317460317,0.0014811342282424658
3.8660997732426305,0.0014835631578198943
3.870453514739229,0.0014857087967475571
3.874807256235828,0.0014875685980675634
3.879160997732426,0.0014891402094000198
3.883514739229025,0.001490421472936472
3.887868480725624,0.001491410426082618
3.8922222222222222,0.001492105302767404
3.8965532879818596,0.0014926224010613606
3.900907029478458,0.001492922600085619
3.905260770975057,0.0014929230590734232
3.9096145124716553,0.0014926231373833766
3.913968253968254,0.0014920224055160573
3.9183219954648525,0.0014911206492994925
3.9226757369614513,0.0014899178746268225
3.92702947845805,0.0014884143127055181
3.931360544217687,0.001486691632753116
3.935714285714286,0.0014847843930571548
3.9400680272108843,0.0014825796207688423
3.944421768707483,0.0014800787813558339
3.9487755102040816,0.0014772835888330496
3.9531292517006804,0.0014741960122636967
3.957482993197279,0.0014708182824174167
3.9618367346938776,0.0014671528985211158
3.966167800453515,0.0014633317525608285
3.9705215419501134,0.0014593167120374789
3.9748752834467123,0.0014550265315475715
3.9792290249433107,0.001450465031572512
3.9835827664399095,0.0014456363204427359
3.987936507936508,0.0014405447999281224
3.9922902494331067,0.0014351951705013596
3.9966213151927437,0.0014297834341004912
4.0009750566893425,0.001424182851020813
4.005328798185941,0.0014183446695406909
4.00968253968254,0.00141227490526191
4.014036281179139,0.0014059798770693003
4.018390022675737,0.0013994662091665006
4.022721088435374,0.0013930070792067077
4.027074829931973,0.0013863628275915057
4.031428571428571,0.0013795266757434103
4.03578231292517,0.0013725064579496328
4.040136054421769,0.0013653102985376967
4.044467120181406,0.0013582334978095364
4.048820861678005,0.0013510294089775813
4.053174603174603,0.0013436804358584998
4.057528344671202,0.0013361957367665509
4.061859410430839,0.0013287486367195552
4.066213151927438,0.001321366966773374
4.070566893424036,0.0013138832170917754
4.074920634920635,0.001306307374561508
4.079251700680272,0.0012988305786740268
4.083605442176871,0.0012914733926059087
4.08795918367347,0.0012840594137852215
4.092312925170068,0.0012765992081309066
4.096643990929706,0.0012694337111179817
4.100997732426304,0.00126230884497442
4.1053514739229024,0.0012551736823593488
4.10968253968254,0.001248225157267684
4.114036281179138,0.0012415147288773046
4.118390022675737,0.0012348295297811135
4.122721088435374,0.0012282929354730879
4.127074829931973,0.0012221179217431681
4.131428571428572,0.001216002597960861
4.135759637188209,0.0012100576058873991
4.140113378684807,0.0012045323162817433
4.144467120181406,0.001199099468173223
4.148798185941043,0.0011939068616662843
4.153151927437642,0.0011891367696688332
4.15750566893424,0.0011844895452697915
4.161836734693877,0.0011801881111710624
4.166190476190477,0.0011762678747537397
4.170544217687075,0.0011724980271897978
4.174875283446712,0.0011692019974598796
4.179229024943311,0.0011662136991256293
4.183582766439909,0.001163399871521467
4.187913832199547,0.0011611969565918257
4.192267573696145,0.0011592085872758147
4.196598639455782,0.0011575055883376816
4.200952380952381,0.0011563648893977332
4.20530612244898,0.0011554290957855118
4.2096371882086165,0.0011549023333095724
4.213990929705216,0.0011548379977536593
4.218344671201814,0.0011549911083420757
4.222675736961452,0.00115565060039325
4.22702947845805,0.00115668681325786
4.231383219954648,0.001157948154254889
4.235714285714286,0.0011597756358009074
4.240068027210884,0.0011619194236413225
4.2444217687074834,0.0011642909319624808
4.24875283446712,0.0011672408155408939
4.253106575963719,0.0011704818811736281
4.257460317460318,0.00117394801807975
4.261791383219955,0.0011779489041423058
4.266145124716553,0.0011822597569802825
4.270498866213152,0.0011867877219907566
4.274829931972789,0.00119174440704276
4.2791836734693875,0.0011970807852836715
4.283537414965987,0.0012026210259307199
4.287868480725623,0.001208416945963161
4.292222222222223,0.0012147185231976697
4.296575963718821,0.0012212055324175711
4.300929705215419,0.0012278715637195619
4.305260770975057,0.0012348969360949729
4.309614512471655,0.0012422503252031963
4.3139682539682545,0.0012497575203037072
4.318321995464853,0.0012574096191245554
4.32265306122449,0.0012654216356465522
4.327006802721089,0.0012736714527141176
4.331360544217687,0.0012820346490935984
4.335714285714285,0.0012904999710680526
4.340045351473923,0.0012992315427080992
4.344399092970522,0.0013081917017627844
4.3487528344671205,0.0013172168966708087
4.353106575963719,0.001326293775768942
4.357437641723356,0.001335462138416482
4.361791383219955,0.0013449206614221162
4.366145124716553,0.0013543892222412594
4.370498866213152,0.0013638527382401691
4.374852607709751,0.0013732956897165663
4.379183673469388,0.0013828933672415172
4.3835374149659865,0.0013925684211588008
4.387891156462585,0.0014021771473166737
4.392244897959184,0.0014117029128718948
4.3965986394557826,0.001421128836795472
4.40092970521542,0.0014307333275754663
4.405283446712018,0.0014402370829835881
4.409637188208617,0.0014495935553802079
4.413990929705215,0.001458785511525719
4.4183219954648525,0.001467857464300169
4.422675736961452,0.0014770057904621456
4.42702947845805,0.0014859429037273066
4.431383219954649,0.0014946518738391033
4.435736961451247,0.001503115935118494
4.440068027210884,0.0015114939058445058
4.444421768707483,0.0015197725377963838
4.448775510204082,0.001527762852714639
4.45312925170068,0.0015354492383020746
4.457482993197279,0.0015428164838825786
4.461814058956916,0.0015501836294068282
4.466167800453515,0.0015572415454147186
4.470521541950114,0.001563942894483747
4.474875283446712,0.0015702744073592821
4.47920634920635,0.0015763874004831597
4.483560090702948,0.001582328830829009
4.487913832199546,0.0015878694351505718
4.492267573696145,0.001592998400252594
4.496598639455782,0.001597731142228068
4.5009523809523815,0.0016024081016140894
4.50530612244898,0.0016066499581651053
4.509659863945578,0.0016104487476827829
4.514013605442177,0.0016137973417498
4.518344671201814,0.0016170237984731099
4.522698412698412,0.0016198709098296515
4.527052154195012,0.001622254875076413
4.53140589569161,0.001624171714332199
4.5357369614512475,0.0016258928108821992
4.540090702947846,0.0016272935181822002
4.544444444444444,0.0016282227718019651
4.548798185941044,0.0016286797925792813
4.55312925170068,0.0016289083517828766
4.557482993197279,0.0016288556524367513
4.561836734693878,0.001628334840539033
4.566190476190476,0.0016273482415745941
4.5705215419501135,0.001626136538150467
4.574875283446712,0.0016246665034443724
4.579229024943311,0.001622742721851345
4.58358276643991,0.0016203703944893484
4.587913832199547,0.0016178064365093374
4.592267573696145,0.0016149949627344642
4.596621315192744,0.0016117540780891107
4.600975056689342,0.00160809151946931
4.6053061224489795,0.0016042946676313354
4.609659863945578,0.0016002528705931268
4.614013605442177,0.0015958145755276944
4.618367346938776,0.0015909896316149397
4.622698412698413,0.00158610585249116
4.627052154195011,0.0015809744634414666
4.63140589569161,0.0015754864366513623
4.635759637188209,0.0015696532569354192
4.6400907029478455,0.0015638502659721261
4.644444444444445,0.0015577934106992936
4.648798185941043,0.0015514249696942188
4.653151927437642,0.0015447575652688308
4.657482993197279,0.0015382200617455328
4.661836734693877,0.001531418804411223
4.666190476190477,0.0015243544312838087
4.670521541950113,0.0015170929807898279
4.674875283446712,0.0015099653509145815
4.679229024943311,0.0015026113594796401
4.683582766439909,0.0014950444466300603
4.687913832199547,0.0014874057378756705
4.692267573696145,0.0014798712544200564
4.696621315192744,0.0014721608895741584
4.700975056689343,0.0014642879880508027
4.70530612244898,0.0014564815641713456
4.7096598639455785,0.0014487367941266413
4.714013605442177,0.0014408658443328596
4.718367346938775,0.0014328816138594845
4.722698412698413,0.0014251185856231248
4.727052154195011,0.001417356190322304
4.73140589569161,0.0014095153930106085
4.735736961451248,0.0014016481985139404
4.740090702947846,0.0013940980125563439
4.7444444444444445,0.0013865028640554112
4.748798185941043,0.0013788742776460444
4.75312925170068,0.0013714214892728814
4.757482993197279,0.0013641700643617035
4.761836734693878,0.0013569162099629746
4.766190476190476,0.0013496704274371422
4.770521541950114,0.001342830466024802
4.774875283446712,0.0013360425625901806
4.7792290249433105,0.0013292909760358232
4.783560090702948,0.0013227822839237816
4.787913832199546,0.0013165458687564066
4.7922675736961455,0.0013103718782950967
4.796598639455782,0.001304305943688117
4.800952380952381,0.0012987003413766245
4.80530612244898,0.001293181037094169
4.809659863945578,0.0012877557400300316
4.8139909297052155,0.0012827595197857403
4.818344671201814,0.0012779652203256265
4.822698412698413,0.0012732856330191862
4.82702947845805,0.0012689539885938714
4.831383219954649,0.0012649477974547606
4.835736961451247,0.0012610746283826986
4.840068027210885,0.0012574891364849376
4.844421768707483,0.0012543264929619667
4.8487755102040815,0.0012513127028478384
4.853106575963719,0.0012485429234195965
4.857460317460317,0.0012462711256314484
4.8618140589569165,0.0012441614293234927
4.866145124716553,0.0012422636266977015
4.870498866213152,0.0012409213068263743
4.874852607709751,0.0012397516186514954
4.879183673469388,0.001238767545250198
4.8835374149659865,0.001238384083503699
4.887891156462585,0.001238180896098653
4.892244897959184,0.0012381599250928647
4.896575963718821,0.0012387315342391343
4.90092970521542,0.0012395112317530423
4.905283446712018,0.0012404766186261476
4.909614512471656,0.001241998354925441
4.913968253968254,0.0012437664730362294
4.9183219954648525,0.0012457203353094023
4.92265306122449,0.0012481794985617861
4.927006802721088,0.0012509299545852331
4.9313605442176875,0.0012538625188047753
4.935691609977324,0.0012572279588506604
4.940045351473923,0.00126094228578982
4.944399092970522,0.001264831114740882
4.948730158730159,0.001269052811713028
4.9530839002267575,0.0012736994407212309
4.957437641723356,0.0012785087273580406
4.961768707482993,0.001283517652777567
4.966122448979592,0.0012890512986618518
4.970476190476191,0.0012947312851038163
4.974829931972789,0.0013005511079354594
4.979160997732427,0.00130680080161604
4.983514739229025,0.0013132873875775742
4.9878684807256235,0.0013198912010390512
4.992199546485261,0.0013267039015974662
4.996553287981859,0.0013339185075633413
5.0009070294784586,0.0013412229596095817
5.005260770975057,0.0013486068412612037
5.009591836734694,0.0013563202086918583
5.013945578231293,0.0013642276981523176
5.018299319727891,0.001372180867750138
5.0226530612244895,0.001380167076973481
5.026984126984127,0.0013885438661368052
5.031337868480725,0.0013969506897835106
5.035691609977325,0.0014053508107349168
5.040022675736962,0.001413771073880841
5.04437641723356,0.001422503823144424
5.048730158730159,0.0014311861974618525
5.053083900226757,0.0014398021903457546
5.0574149659863945,0.0014483959594916729
5.061768707482993,0.0014572191102722998
5.066122448979592,0.0014659277812323762
5.070476190476191,0.0014745045488649064
5.074807256235828,0.001482972921564704
5.079160997732426,0.0014916229345175549
5.083514739229025,0.001500089940332042
5.087868480725624,0.0015083556542839233
5.092222222222222,0.0015164016709739209
5.09655328798186,0.0015245941905074596
5.100907029478458,0.0015325415094622388
5.105260770975057,0.0015402167285574644
5.109614512471655,0.0015476014543727007
5.113945578231292,0.0015549955997017123
5.118299319727892,0.001562145395042404
5.12265306122449,0.001568953677261582
5.127006802721088,0.0015754028458880385
5.131337868480726,0.001581717020135352
5.135691609977324,0.001587803005234756
5.140045351473923,0.0015934824864514555
5.144399092970522,0.0015987394666100681
5.148730158730159,0.001603721781005539
5.153083900226758,0.0016085010560630984
5.157437641723356,0.001612816308514426
5.1617913832199545,0.0016166539292966206
5.166122448979592,0.0016200933271396786
5.17047619047619,0.0016233579231161267
5.1748299319727895,0.0016261113113138906
5.179183673469388,0.0016283429741455115
5.183514739229025,0.0016300791448332014
5.187868480725624,0.0016316664764118552
5.192222222222222,0.0016327082166057607
5.196575963718821,0.0016331975097278687
5.200907029478458,0.0016331289391405951
5.205260770975057,0.0016329304139389338
5.2096145124716555,0.0016321666075838359
5.213968253968254,0.0016308347212042743
5.218321995464852,0.001628933092506245
5.22265306122449,0.0016268914552693308
5.227006802721089,0.0016242894940451515
5.231360544217687,0.0016211198759838934
5.235691609977325,0.0016173977080488852
5.240045351473923,0.0016135453252129038
5.2443990929705215,0.0016091362435226551
5.24875283446712,0.0016041761252941391
5.253083900226757,0.0015987390917930708
5.257437641723356,0.0015931452095596535
5.261791383219955,0.0015870227800732304
5.266145124716553,0.0015803814315919918
5.270476190476191,0.0015733897052916663
5.274829931972789,0.0015661922592580856
5.2791836734693875,0.0015585088727385354
5.283537414965987,0.0015503526921352658
5.287868480725623,0.0015420231830147932
5.292222222222223,0.001533413683000337
5.296575963718821,0.0015243733006643173
5.300929705215419,0.0015149180888695624
5.305260770975057,0.0015055152776873707
5.309614512471655,0.0014957299072181373
5.3139682539682545,0.0014855785994496308
5.318299319727891,0.0014752821703862015
5.32265306122449,0.001464904306051655
5.327006802721089,0.0014542131093759807
5.331360544217687,0.0014432278734182763
5.335691609977324,0.0014324117969048127
5.340045351473923,0.001421345101766911
5.344399092970522,0.001410040036134346
5.348730158730159,0.0013987886820842124
5.353083900226758,0.0013875151398263714
5.357437641723356,0.0013760596319108518
5.361768707482994,0.0013645797068650794
5.366122448979592,0.0013532683881781397
5.37047619047619,0.0013418310344716666
5.374807256235828,0.0013303258481815181
5.379160997732426,0.0013191426001725498
5.3835147392290255,0.0013078876521029192
5.387868480725624,0.0012965800940501332
5.392199546485261,0.0012856569034988966
5.39655328798186,0.0012747410338157755
5.400907029478458,0.0012638232674932759
5.405238095238095,0.0012533016490373068
5.409591836734694,0.001242871103967419
5.413945578231292,0.0012324856291278153
5.41827664399093,0.0012225295206962292
5.422630385487529,0.00121271770183219
5.426984126984127,0.001202993490828548
5.431315192743765,0.0011937480415204207
5.435668934240363,0.0011846735422355262
5.440022675736961,0.0011757242245230557
5.444353741496599,0.0011673135544304411
5.448707482993197,0.0011590786589588398
5.453038548752835,0.001151011174091022
5.457392290249433,0.0011435267056457985
5.461746031746032,0.0011362163447533006
5.466077097505669,0.0011291451964319885
5.470430839002268,0.0011226294143685401
5.474784580498866,0.0011163105591193115
5.479115646258504,0.0011102958371933612
5.483469387755102,0.001104803272124674
5.487823129251701,0.0010995247364397615
5.492154195011338,0.0010946021553242073
5.496507936507936,0.001090169280215081
5.500861678004536,0.0010859618948756494
5.505192743764172,0.001082143170263303
5.509546485260771,0.0010787888081510908
5.51390022675737,0.0010756659249427476
5.518231292517007,0.0010729396092564343
5.522585034013606,0.0010706656424369898
5.526938775510204,0.0010686239269982582
5.531269841269841,0.0010669566516024662
5.53562358276644,0.0010657489916995576
5.539977324263039,0.001064769465918286
5.5443083900226755,0.0010641075353715111
5.548662131519275,0.0010639373167026845
5.553015873015873,0.0010639866145261993
5.557346938775511,0.0010642578964787353
5.561700680272109,0.0010650828581460462
5.566054421768707,0.0010661146614136929
5.570408163265307,0.0010673494894003904
5.574739229024943,0.0010689967394643535
5.579092970521542,0.001070953362359617
5.583446712018141,0.0010730955797008958
5.587777777777778,0.0010754545255492439
5.592131519274377,0.0010782686175380017
5.596485260770975,0.001081248007416211
5.600839002267574,0.0010843863225518011
5.605170068027211,0.001087798459606176
5.60952380952381,0.00109153750067436
5.613877551020408,0.001095412112507439
5.618231292517007,0.0010994148958138354
5.622562358276644,0.0011036749742523934
5.626916099773243,0.0011082014122561267
5.631269841269841,0.001112830660856148
5.63562358276644,0.0011175546573845233
5.639954648526078,0.0011224486508531366
5.644308390022676,0.0011276162262591988
5.648662131519274,0.001132852253998749
5.653015873015873,0.0011381483781039313
5.657369614512472,0.0011434961957198452
5.661700680272109,0.0011491195027296865
5.666054421768708,0.0011548128876186618
5.670408163265306,0.0011605318947473793
5.674761904761905,0.0011662682794280313
5.679092970521542,0.0011720534344694996
5.6834467120181404,0.0011780585822008212
5.68780045351474,0.0011840563533412544
5.692154195011338,0.0011900389797316103
5.6965079365079365,0.0011959988418820562
5.700839002267574,0.0012019658290911177
5.705192743764172,0.001208108002360719
5.709546485260771,0.0012142053715821683
5.71390022675737,0.0012202511232376394
5.718253968253968,0.001226238671265249
5.722607709750567,0.00123216167099298
5.726938775510204,0.0012382195714346982
5.7312925170068025,0.001244237927055675
5.735646258503402,0.0012501741297853111
5.74,0.0012560229013768836
5.744353741496599,0.0012617792485690165
5.748684807256236,0.0012674950845913873
5.753038548752834,0.0012732884152461448
5.757392290249434,0.0012789759692097347
5.761746031746032,0.0012845539110843509
5.7660997732426305,0.0012900187058824013
5.770453514739229,0.001295367119863191
5.774784580498866,0.001300668754023504
5.779138321995465,0.0013060046812683273
5.783492063492064,0.0013112160752628524
5.787845804988662,0.0013163008494053669
5.792199546485261,0.0013212572069797887
5.796553287981859,0.001326083637162193
5.8008843537414965,0.0013307920116975725
5.805238095238096,0.0013355768533372615
5.809591836734694,0.0013402285112941467
5.8139455782312925,0.0013447465221867799
5.818299319727891,0.0013491306814526244
5.82265306122449,0.0013533810365921096
5.827006802721089,0.001357497879984133
5.831337868480726,0.0013615768052567252
5.835691609977324,0.001365642443294017
5.840045351473923,0.0013695763403425236
5.844399092970522,0.001373379666688803
5.8487528344671205,0.0013770538003820703
5.853106575963719,0.0013806003179341938
5.857460317460317,0.001384020984503468
5.861791383219955,0.001387412045005392
5.866145124716553,0.0013907938704829093
5.870498866213152,0.0013940557674356686
5.874852607709751,0.001397200166348985
5.879206349206349,0.0014002296360059682
5.883560090702948,0.0014031468700638912
5.887913832199547,0.0014059546727949624
5.892244897959184,0.0014086803976234284
5.8965986394557826,0.0014114801377200037
5.900952380952381,0.001414179400718563
5.905306122448979,0.0014167813533647515
5.909659863945579,0.001419289198341239
5.914013605442177,0.0014217061547148583
5.918367346938775,0.0014240354374257462
5.922721088435375,0.0014262802358457217
5.927052154195011,0.0014285587515375235
5.9314058956916105,0.0014308468166480527
5.935759637188209,0.001433060634674282
5.940113378684807,0.0014352032234685936
5.944467120181406,0.0014372774666385822
5.948820861678005,0.0014392860875785925
5.953174603174603,0.0014412316230307013
5.957505668934241,0.0014431321995166837
5.961859410430839,0.0014451703212337158
5.9662131519274375,0.0014471540403846244
5.970566893424037,0.0014490851074795178
5.974920634920635,0.0014509649600855173
5.979274376417234,0.0014527946957377978
5.983628117913832,0.001454575045309295
5.987981859410431,0.0014563063470047631
5.992312925170068,0.0014582191977104818
5.996666666666667,0.001460088514079818
6.001020408163265,0.0014619117447541119
6.005374149659864,0.0014636876941080536
6.009727891156463,0.001465414661442119
6.0140816326530615,0.001467090421219177
6.018412698412699,0.0014688620004893959
6.022766439909297,0.0014706930424401032
6.027120181405896,0.001472469176000321
6.031473922902494,0.0014741861958572902
6.035827664399093,0.0014758392985715562
6.040181405895692,0.0014774230746096076
6.044512471655329,0.0014791937590439548
6.0488662131519275,0.0014809270054781214
6.053219954648526,0.0014825789907854776
6.057573696145125,0.001484142098022459
6.061927437641724,0.0014856080955173911
6.066258503401361,0.0014872505709114293
6.070612244897959,0.0014888427340191282
6.074965986394558,0.0014903186754070521
6.079319727891156,0.0014916680030791112
6.0836507936507935,0.0014930052889831394
6.088004535147393,0.0014944519233211777
6.092358276643991,0.0014957474693272567
6.09671201814059,0.0014968795857485681
6.101043083900227,0.0014979483350586209
6.105396825396825,0.0014991380333156282
6.109750566893424,0.0015001351237654186
6.114104308390023,0.0015009256963056292
6.11843537414966,0.0015017515416414625
6.122789115646259,0.0015025507487805524
6.127142857142857,0.0015031106682436006
6.131473922902495,0.0015034831187391681
6.135827664399093,0.0015040157272102781
6.140181405895691,0.0015042745808222528
6.144535147392291,0.0015042443908200984
6.148866213151927,0.0015044088961702797
6.1532199546485264,0.0015042934168244275
6.157573696145125,0.001503853707722871
6.161904761904762,0.001503604483957859
6.166258503401361,0.0015030411380383424
6.170589569160998,0.0015021835916939823
6.174943310657596,0.0015014788839578293
6.179297052154195,0.001500396740240294
6.183628117913832,0.0014991760271597758
6.1879818594104306,0.0014979181132308346
6.19233560090703,0.0014962518845869279
6.196666666666667,0.001494697123748985
6.201020408163266,0.0014928256247901705
6.205351473922903,0.0014907516643782072
6.209705215419501,0.0014886649775293246
6.2140589569161,0.001486130095445179
6.218390022675737,0.001483795256371731
6.2227437641723355,0.001481027407360873
6.227074829931973,0.0014782470887443526
6.231428571428571,0.001475244786917017
6.235759637188209,0.0014720567269421313
6.240113378684807,0.0014688222205246379
6.2444444444444445,0.001465266238796991
6.248798185941043,0.0014618057161033143
6.25312925170068,0.0014579235645605657
6.257482993197279,0.0014542472929075325
6.261836734693878,0.0014500927864760389
6.266167800453515,0.00144620482354632
6.270521541950114,0.0014418532102349897
6.274852607709751,0.0014377417243222515
6.2792063492063495,0.0014332145230064417
6.283537414965987,0.0014289264941949745
6.287891156462585,0.0014242492772439416
6.292222222222223,0.0014198321069079848
6.296575963718821,0.0014150343048802052
6.300907029478458,0.0014105352650240117
6.305260770975057,0.0014056499007570721
6.309591836734694,0.0014011155286818729
6.3139229024943315,0.0013962152130276633
6.31827664399093,0.0013916543356795156
6.322607709750567,0.0013867889003274635
6.326961451247166,0.001382233932813535
6.331292517006803,0.0013774439262652836
6.3356462585034015,0.0013729362410501037
6.339977324263039,0.0013682590381632607
6.344331065759637,0.0013638416789801984
6.348662131519275,0.0013593108043478852
6.353015873015873,0.0013550279701715184
6.35734693877551,0.0013506724470801648
6.361700680272109,0.0013465689605499627
6.366031746031746,0.0013424127011642131
6.3703854875283445,0.0013385334718419282
6.374716553287982,0.0013345947236867725
6.37907029478458,0.0013309842164228591
6.383401360544218,0.0013272750793134433
6.387755102040816,0.0013239767976912947
6.392108843537415,0.00132052489086089
6.396439909297052,0.00131755881828642
6.400793650793651,0.0013144944674285716
6.4051247165532885,0.0013117691160572306
6.409478458049887,0.0013091323730662053
6.413809523809524,0.001306637144650124
6.418163265306123,0.0013044654476835399
6.422517006802721,0.0013022639467526278
6.4268480725623585,0.0013005103260954824
6.431201814058957,0.0012988403376034882
6.435532879818594,0.0012972731977768687
6.439886621315193,0.0012961648163541076
6.444240362811792,0.0012951132878309848
6.448571428571428,0.0012942292988014723
6.452925170068028,0.0012937945836537163
6.457278911564626,0.0012934681777353636
6.4616326530612245,0.0012932721060635525
6.465963718820862,0.0012935550955442865
6.47031746031746,0.0012940475936111613
6.4746712018140595,0.0012947154684602804
6.479024943310658,0.0012955779198333087
6.483356009070295,0.0012969482105474872
6.487709750566894,0.0012985522846667024
6.492063492063492,0.0013003871699540214
6.4964172335600905,0.0013024682407780164
6.500748299319728,0.0013048113026398105
6.505102040816326,0.001307664756394186
6.5094557823129255,0.001310789783993765
6.513809523809524,0.001314197094600633
6.518163265306122,0.0013178959313885857
6.522517006802722,0.0013218940172797556
6.52687074829932,0.0013261975067959911
6.531201814058957,0.0013308130439887472
6.535555555555556,0.0013358989955309123
6.539909297052154,0.0013412915769210115
6.544263038548753,0.001346991265527508
6.548616780045352,0.001352996847450641
6.55297052154195,0.0013593054070725455
6.557324263038549,0.0013659123240213145
6.561678004535148,0.0013728112776178257
6.566031746031746,0.0013799942588322337
6.570385487528345,0.0013874515897391417
6.574739229024943,0.0013951719504218189
6.5790702947845805,0.0014031475054984326
6.583424036281179,0.001411476065181731
6.587777777777778,0.0014200272084492127
6.592131519274377,0.00142878439122093
6.596485260770975,0.001437729643935209
6.600839002267574,0.0014468436363163392
6.605192743764173,0.0014561057483295844
6.609546485260771,0.001465494147002811
6.613900226757369,0.0014749858687637266
6.618253968253969,0.001484556906912636
6.622607709750567,0.0014941823038242036
6.6269387755102045,0.001503884135127177
6.631292517006803,0.001513730797071885
6.635646258503401,0.0015235635266881537
6.640000000000001,0.00153335507532589
6.644353741496599,0.001543077705113202
6.648707482993197,0.0015527032983088235
6.653061224489796,0.0015622034682413431
6.657414965986395,0.0015715496713115066
6.6617460317460315,0.0015809327968824922
6.666099773242631,0.001590167999178416
6.670453514739229,0.0015991778526813216
6.674807256235828,0.0016079343897217563
6.679160997732426,0.001616409984095408
6.683492063492063,0.0016246080557848458
6.687845804988663,0.0016327854278429129
6.692199546485261,0.0016406163651962818
6.6965532879818594,0.0016480754815194664
6.700907029478458,0.0016551381895535914
6.705238095238095,0.0016618915190787606
6.709591836734694,0.0016684981583675233
6.713945578231293,0.0016746536653570513
6.718299319727891,0.0016803371260168565
6.722630385487529,0.0016855355710587712
6.726984126984127,0.0016906692801489363
6.7313378684807255,0.001695287487038576
6.735691609977325,0.0016993738197242573
6.740022675736961,0.0017029699700107242
6.7443764172335605,0.0017064422202790754
6.748730158730159,0.0017093520745610224
6.753083900226757,0.0017116883196486108
6.757414965986395,0.0017136876541071688
6.761768707482993,0.001715376824801837
6.766122448979592,0.0017164757764602074
6.770453514739229,0.0017169860696247105
6.774807256235828,0.001717437405891046
6.7791609977324265,0.0017172921163685064
6.783514739229025,0.0017165484647892282
6.787845804988662,0.0017155966195738386
6.792199546485261,0.0017142264288217471
6.79655328798186,0.0017122653522078767
6.8008843537414965,0.0017099863711550396
6.805238095238096,0.001707435445032379
6.809591836734694,0.0017043104744259019
6.8139229024943315,0.001700801716200687
6.81827664399093,0.0016971370031580008
6.822630385487528,0.0016929236921155648
6.826961451247166,0.0016882935133784663
6.831315192743764,0.0016836021919985561
6.835668934240363,0.0016783953756256554
6.84,0.0016727599158950718
6.844353741496599,0.0016671464200784713
6.8487074829931975,0.0016610570857782123
6.853038548752835,0.0016545369687400002
6.857392290249433,0.0016481196905386482
6.861746031746032,0.0016412715652153029
6.86609977324263,0.0016340107194822895
6.8704308390022675,0.0016268963913604357
6.874784580498867,0.0016194223598090805
6.879138321995465,0.0016115861946136908
6.8834693877551025,0.0016038649323813082
6.887823129251701,0.0015959034082622273
6.892176870748299,0.0015876325596699107
6.896507936507937,0.001579417572598375
6.900861678004535,0.001571108945750057
6.9052154195011335,0.0015625447322693848
6.909546485260771,0.0015539407803271345
6.91390022675737,0.0015454240614437202
6.9182539682539685,0.0015367052057317888
6.922585034013606,0.0015278064531529935
6.926938775510204,0.0015192162286650393
6.931292517006803,0.0015104759285078887
6.935646258503401,0.0015016064876014188
6.9399773242630385,0.0014928280870338073
6.944331065759638,0.0014841915265960226
6.948684807256236,0.0014754746988395245
6.953038548752835,0.0014666973714460216
6.957369614512472,0.0014581540641051289
6.96172335600907,0.0014497016253867984
6.966077097505669,0.0014412328965531845
6.970430839002268,0.0014327659190210066
6.9747619047619045,0.0014245412268164151
6.979115646258504,0.001416476772626351
6.983469387755102,0.0014084526061074203
6.987823129251701,0.0014004846527434708
6.992154195011338,0.0013926313180341564
6.996507936507936,0.001385128205138129
